{
    "name": "root",
    "gauges": {
        "Walker.Policy.Entropy.mean": {
            "value": -0.9176968932151794,
            "min": -0.9176968932151794,
            "max": 1.4248178005218506,
            "count": 2000
        },
        "Walker.Policy.Entropy.sum": {
            "value": -91358.5625,
            "min": -101715.1953125,
            "max": 146616.078125,
            "count": 2000
        },
        "Walker.Environment.EpisodeLength.mean": {
            "value": 261.1732283464567,
            "min": 23.148889961389962,
            "max": 284.54571428571427,
            "count": 2000
        },
        "Walker.Environment.EpisodeLength.sum": {
            "value": 99507.0,
            "min": 95874.0,
            "max": 100664.0,
            "count": 2000
        },
        "Walker.Step.mean": {
            "value": 199999920.0,
            "min": 99975.0,
            "max": 199999920.0,
            "count": 2000
        },
        "Walker.Step.sum": {
            "value": 199999920.0,
            "min": 99975.0,
            "max": 199999920.0,
            "count": 2000
        },
        "Walker.Policy.ExtrinsicValueEstimate.mean": {
            "value": 192.0168914794922,
            "min": 0.1763937771320343,
            "max": 202.67340087890625,
            "count": 2000
        },
        "Walker.Policy.ExtrinsicValueEstimate.sum": {
            "value": 73158.4375,
            "min": 730.270263671875,
            "max": 78312.859375,
            "count": 2000
        },
        "Walker.Environment.CumulativeReward.mean": {
            "value": 567.1771725932444,
            "min": 8.414292279188183,
            "max": 617.0429405975342,
            "count": 2000
        },
        "Walker.Environment.CumulativeReward.sum": {
            "value": 216094.50275802612,
            "min": 34835.17003583908,
            "max": 222140.97929358482,
            "count": 2000
        },
        "Walker.Policy.ExtrinsicReward.mean": {
            "value": 567.1771725932444,
            "min": 8.414292279188183,
            "max": 617.0429405975342,
            "count": 2000
        },
        "Walker.Policy.ExtrinsicReward.sum": {
            "value": 216094.50275802612,
            "min": 34835.17003583908,
            "max": 222140.97929358482,
            "count": 2000
        },
        "Walker.IsTraining.mean": {
            "value": 1.0,
            "min": 1.0,
            "max": 1.0,
            "count": 2000
        },
        "Walker.IsTraining.sum": {
            "value": 1.0,
            "min": 1.0,
            "max": 1.0,
            "count": 2000
        },
        "Walker.Losses.PolicyLoss.mean": {
            "value": 0.011158564193950345,
            "min": 0.007952237740998196,
            "max": 0.014833265867006654,
            "count": 1949
        },
        "Walker.Losses.PolicyLoss.sum": {
            "value": 0.011158564193950345,
            "min": 0.007952237740998196,
            "max": 0.014833265867006654,
            "count": 1949
        },
        "Walker.Losses.ValueLoss.mean": {
            "value": 745.3618591308593,
            "min": 2.286505138874054,
            "max": 871.9581095377604,
            "count": 1949
        },
        "Walker.Losses.ValueLoss.sum": {
            "value": 745.3618591308593,
            "min": 2.286505138874054,
            "max": 871.9581095377604,
            "count": 1949
        },
        "Walker.Policy.LearningRate.mean": {
            "value": 1.112079629640042e-07,
            "min": 1.112079629640042e-07,
            "max": 0.00029984639255120247,
            "count": 1949
        },
        "Walker.Policy.LearningRate.sum": {
            "value": 1.112079629640042e-07,
            "min": 1.112079629640042e-07,
            "max": 0.00029984639255120247,
            "count": 1949
        },
        "Walker.Policy.Epsilon.mean": {
            "value": 0.100037036,
            "min": 0.100037036,
            "max": 0.19994879749999997,
            "count": 1949
        },
        "Walker.Policy.Epsilon.sum": {
            "value": 0.100037036,
            "min": 0.100037036,
            "max": 0.19994879749999997,
            "count": 1949
        },
        "Walker.Policy.Beta.mean": {
            "value": 1.1848096400000068e-05,
            "min": 1.1848096400000068e-05,
            "max": 0.004997444995250001,
            "count": 1949
        },
        "Walker.Policy.Beta.sum": {
            "value": 1.1848096400000068e-05,
            "min": 1.1848096400000068e-05,
            "max": 0.004997444995250001,
            "count": 1949
        }
    },
    "metadata": {
        "timer_format_version": "0.1.0",
        "start_time_seconds": "1668495988",
        "python_version": "3.9.12 (main, Jun  1 2022, 11:38:51) \n[GCC 7.5.0]",
        "command_line_arguments": "/work/mmarplei/grudelpg649/k40_env/bin/mlagents-learn /work/smnidunk/games/config/Walker.yaml --run-id=Game91_2 --env=t.x86_64 --num-envs=16 --no-graphics",
        "mlagents_version": "0.29.0",
        "mlagents_envs_version": "0.29.0",
        "communication_protocol_version": "1.5.0",
        "pytorch_version": "1.10.0a0+git3c15822",
        "numpy_version": "1.21.2",
        "end_time_seconds": "1668620858"
    },
    "total": 124869.58331546001,
    "count": 1,
    "self": 4.780713472981006,
    "children": {
        "run_training.setup": {
            "total": 0.3460984039120376,
            "count": 1,
            "self": 0.3460984039120376
        },
        "TrainerController.start_learning": {
            "total": 124864.45650358312,
            "count": 1,
            "self": 134.56072504865006,
            "children": {
                "TrainerController._reset_env": {
                    "total": 12.787585723679513,
                    "count": 1,
                    "self": 12.787585723679513
                },
                "TrainerController.advance": {
                    "total": 124716.92939111777,
                    "count": 2617758,
                    "self": 96.56310240877792,
                    "children": {
                        "env_step": {
                            "total": 52579.231926505454,
                            "count": 2617758,
                            "self": 32643.109937206842,
                            "children": {
                                "SubprocessEnvManager._take_step": {
                                    "total": 19807.834252653178,
                                    "count": 13592756,
                                    "self": 1355.1689491672441,
                                    "children": {
                                        "TorchPolicy.evaluate": {
                                            "total": 18452.665303485934,
                                            "count": 12502990,
                                            "self": 5141.93723262148,
                                            "children": {
                                                "TorchPolicy.sample_actions": {
                                                    "total": 13310.728070864454,
                                                    "count": 12502990,
                                                    "self": 13310.728070864454
                                                }
                                            }
                                        }
                                    }
                                },
                                "workers": {
                                    "total": 128.28773664543405,
                                    "count": 2617758,
                                    "self": 0.0,
                                    "children": {
                                        "worker_root": {
                                            "total": 1997192.9549491457,
                                            "count": 13592744,